Label	Name	PFT	numPFT
AcerCampestre	Acer campestre	_Tree_Shrub	5
AcerNegundo	Acer negundo	_Tree_Shrub	5
AcerPlatanoides	Acer platanoides	_Tree_Shrub	5
AcerPseudoplatanus	Acer pseudoplatanus	_Tree_Shrub	5
AcerSp	Acer sp.	_Tree_Shrub	5
AchilleaMillefolium	Achillea millefolium	TallHerb	3
AgrimoniaEupatoria	Agrimonia eupatoria	TallHerb	3
AgrostisCapillaris	Agrostis capillaris	Grass	1
AlliumSp	Allium sp.	TallHerb	3
AlliumVineale	Allium vineale	SmallHerb	2
AlopecurusPratensis	Alopecurus pratensis	Grass	1
AnagallisArvensis	Anagallis arvensis	SmallHerb	2
AnthemisArvensis	Anthemis arvensis	SmallHerb	2
AnthoxanthumOdoratum	Anthoxanthum odoratum	Grass	1
AnthriscusSylvestris	Anthriscus sylvestris	TallHerb	3
ApiaceaeSp	Apiaceae sp.	TallHerb	3
ArabidopsisThaliana	Arabidopsis thaliana	SmallHerb	2
ArenariaSerpyllifolia	Arenaria serpyllifolia	SmallHerb	2
ArrhenatherumElatius	Arrhenatherum elatius	Grass	1
ArtemisiaVulgaris	Artemisia vulgaris	TallHerb	3
AsteraceaeSp	Asteraceae sp.	TallHerb	3
AvenaSativa	Avena sativa	Grass	1
BellisPerennis	Bellis perennis	SmallHerb	2
BetonicaOfficinalis	Betonica officinalis	SmallHerb	2
BetulaSp	Betula sp.	_Tree_Shrub	5
BoragoOfficinalis	Borago officinalis	TallHerb	3
BrachypodiumPinnatum	Brachypodium pinnatum	Grass	1
BrassicaNapus	Brassica napus	TallHerb	3
BrassicaOleracea	Brassica oleracea	TallHerb	3
BrassicaceaeSp	Brassicaceae sp.	TallHerb	3
BromusErectus	Bromus erectus	Grass	1
BromusHordeaceus	Bromus hordeaceus	Grass	1
BromusSterilis	Bromus sterilis	Grass	1
CalamagrostisEpigejos	Calamagrostis epigejos	Grass	1
CampanulaPatula	Campanula patula	TallHerb	3
CampanulaRapunculoides	Campanula rapunculoides	TallHerb	3
CampanulaRotundifolia	Campanula rotundifolia	SmallHerb	2
CapsellaBursapastoris	Capsella bursa-pastoris	SmallHerb	2
CarduusAcanthoides	Carduus acanthoides	TallHerb	3
CarduusCrispus	Carduus crispus	TallHerb	3
CarumCarvi	Carum carvi	TallHerb	3
CentaureaJacea	Centaurea jacea	TallHerb	3
CentaureaScabiosa	Centaurea scabiosa	TallHerb	3
CerastiumGlomeratum	Cerastium glomeratum	SmallHerb	2
CerastiumHolosteoides	Cerastium holosteoides	SmallHerb	2
ChenopodiumAlbum	Chenopodium album	TallHerb	3
ChrysanthemumVulgare	Chrysanthemum vulgare	TallHerb	3
CichoriumIntybus	Cichorium intybus	TallHerb	3
CirsiumArvense	Cirsium arvense	TallHerb	3
CirsiumVulgare	Cirsium vulgare	TallHerb	3
ClematisVitalba	Clematis vitalba	_Tree_Shrub	5
ColchicumAutumnale	Colchicum autumnale	SmallHerb	2
ConvolvulusArvensis	Convolvulus arvensis	TallHerb	3
ConyzaCanadensis	Conyza canadensis	TallHerb	3
CornusSanguinea	Cornus sanguinea	TallHerb	3
CrataegusMonogyna	Crataegus monogyna	_Tree_Shrub	5
CrepisBiennis	Crepis biennis	TallHerb	3
CrepisCapillaris	Crepis capillaris	TallHerb	3
CynosurusCristatus	Cynosurus cristatus	Grass	1
DactylisGlomerata	Dactylis glomerata	Grass	1
DaucusCarota	Daucus carota	TallHerb	3
DescurainiaSophia	Descurainia sophia	TallHerb	3
DianthusCarthusianorum	Dianthus carthusianorum	SmallHerb	2
DianthusSeguieri	Dianthus seguieri	SmallHerb	2
ElymusRepens	Elymus repens	Grass	1
EpilobiumTetragonum	Epilobium tetragonum	TallHerb	3
EquisetumArvense	Equisetum arvense	SmallHerb	2
ErigeronAcris	Erigeron acris	TallHerb	3
ErigeronAnnuus	Erigeron annuus	TallHerb	3
ErodiumCicutarium	Erodium cicutarium	SmallHerb	2
ErophilaVerna	Erophila verna	SmallHerb	2
EryngiumCampestre	Eryngium campestre	TallHerb	3
FalcariaVulgaris	Falcaria vulgaris	SmallHerb	2
FallopiaConvolvulus	Fallopia convolvulus	TallHerb	3
FestucaArundinacea	Festuca arundinacea	Grass	1
FestucaOvina	Festuca ovina	Grass	1
FestucaPratensis	Festuca pratensis	Grass	1
FestucaRubra	Festuca rubra	Grass	1
FestucaRupicola	Festuca rupicola	Grass	1
FestucaSp	Festuca sp.	Grass	1
Festulolium	Festulolium	Grass	1
FilipendulaUlmaria	Filipendula ulmaria	TallHerb	3
FilipendulaVulgaris	Filipendula vulgaris	TallHerb	3
FraxinusExcelsior	Fraxinus excelsior	_Tree_Shrub	5
FumariaOfficinalis	Fumaria officinalis	SmallHerb	2
GaliumAlbum	Galium album	TallHerb	3
GaliumAparine	Galium aparine	TallHerb	3
GaliumMollugo	Galium mollugo	TallHerb	3
GaliumPomeranicum	Galium x pomeranicum	TallHerb	3
GaliumVerum	Galium verum	TallHerb	3
GeraniumMolle	Geranium molle	SmallHerb	2
GeraniumPratense	Geranium pratense	TallHerb	3
GeraniumPusillum	Geranium pusillum	SmallHerb	2
GeraniumPyrenaicum	Geranium pyrenaicum	SmallHerb	2
GeraniumRotundifolium	Geranium rotundifolium	SmallHerb	2
GeraniumSp	Geranium sp.	TallHerb	3
GeumUrbanum	Geum urbanum	TallHerb	3
GlechomaHederacea	Glechoma hederacea	SmallHerb	2
HelictotrichonPratense	Helictotrichon pratense	Grass	1
HelictotrichonPubescens	Helictotrichon pubescens	Grass	1
HeracleumSphondylium	Heracleum sphondylium	TallHerb	3
HieraciumPilosella	Hieracium pilosella	SmallHerb	2
HolcusLanatus	Holcus lanatus	Grass	1
HypericumPerforatum	Hypericum perforatum	TallHerb	3
HypochaerisRadicata	Hypochaeris radicata	TallHerb	3
KnautiaArvensis	Knautia arvensis	TallHerb	3
KoeleriaMacrantha	Koeleria macrantha	Grass	1
LactucaSerriola	Lactuca serriola	TallHerb	3
LamiumAmplexicaule	Lamium amplexicaule	SmallHerb	2
LamiumPurpureum	Lamium purpureum	SmallHerb	2
LapsanaCommunis	Lapsana communis	TallHerb	3
LathyrusPratensis	Lathyrus pratensis	Legume	4
LathyrusTuberosus	Lathyrus tuberosus	Legume	4
LeontodonAutumnalis	Leontodon autumnalis	SmallHerb	2
LeontodonHispidus	Leontodon hispidus	SmallHerb	2
LeucanthemumVulgare	Leucanthemum vulgare	TallHerb	3
LibanotisPyrenaica	Libanotis pyrenaica	TallHerb	3
LinariaVulgaris	Linaria vulgaris	TallHerb	3
Litter		Dead	6
LoliumMultiflorum	Lolium multiflorum	Grass	1
LoliumPerenne	Lolium perenne	Grass	1
LotusCorniculatus	Lotus corniculatus	Legume	4
LotusPedunculatus	Lotus pedunculatus	Legume	4
LychnisFloscuculi	Lychnis flos-cuculi	TallHerb	3
LysimachiaNummularia	Lysimachia nummularia	SmallHerb	2
MalvaSylvestris	Malva sylvestris	TallHerb	3
MatricariaInodora	Matricaria inodora	TallHerb	3
MedicagoFalcata	Medicago falcata	Legume	4
MedicagoLupulina	Medicago lupulina	Legume	4
MedicagoSp	Medicago sp.	Legume	4
MedicagoVaria	Medicago x varia	Legume	4
MelampyrumPratense	Melampyrum pratense	SmallHerb	2
MicrothlaspiPerfoliatum	Microthlaspi perfoliatum	SmallHerb	2
Moss		__NotFound	0
MyosotisArvensis	Myosotis arvensis	SmallHerb	2
PapaverRhoeas	Papaver rhoeas	TallHerb	3
PastinacaSativa	Pastinaca sativa	TallHerb	3
PetrorhagiaProlifera	Petrorhagia prolifera	SmallHerb	2
PhleumPratense	Phleum pratense	Grass	1
PicrisHieracioides	Picris hieracioides	TallHerb	3
PimpinellaSaxifraga	Pimpinella saxifraga	SmallHerb	2
PlantagoLanceolata	Plantago lanceolata	SmallHerb	2
PlantagoMajor	Plantago major	SmallHerb	2
PlantagoMedia	Plantago media	SmallHerb	2
PoaAngustifolia	Poa angustifolia	Grass	1
PoaAnnua	Poa annua	Grass	1
PoaBulbosa	Poa bulbosa	Grass	1
PoaPratensis	Poa pratensis	Grass	1
PoaTrivialis	Poa trivialis	Grass	1
PoaceaeSp	Poaceae sp.	Grass	1
PolygonumAviculare	Polygonum aviculare	SmallHerb	2
PopulusCanadensis	Populus x canadensis	_Tree_Shrub	5
PotentillaArgentea	Potentilla argentea	SmallHerb	2
PrunellaVulgaris	Prunella vulgaris	SmallHerb	2
PrunusAvium	Prunus avium	_Tree_Shrub	5
PrunusMahaleb	Prunus mahaleb	_Tree_Shrub	5
PrunusSp	Prunus sp.	_Tree_Shrub	5
RanunculusAcris	Ranunculus acris	TallHerb	3
RanunculusAuricomus	Ranunculus auricomus	SmallHerb	2
RanunculusBulbosus	Ranunculus bulbosus	SmallHerb	2
RanunculusRepens	Ranunculus repens	SmallHerb	2
Rest		__NotFound	0
RhinanthusMinor	Rhinanthus minor	SmallHerb	2
RubusCaesius	Rubus caesius	_Tree_Shrub	5
RubusIdaeus	Rubus idaeus	_Tree_Shrub	5
RubusSp	Rubus sp.	_Tree_Shrub	5
RumexCrispus	Rumex crispus	TallHerb	3
SalviaPratensis	Salvia pratensis	SmallHerb	2
SambucusNigra	Sambucus nigra	_Tree_Shrub	5
SanguisorbaMinor	Sanguisorba minor	SmallHerb	2
SaxifragaGranulata	Saxifraga granulata	SmallHerb	2
ScabiosaOchroleuca	Scabiosa ochroleuca	SmallHerb	2
SecurigeraVaria	Securigera varia	Legume	4
SeedlingsIndet		__NotFound	0
SenecioJacobaea	Senecio jacobaea	TallHerb	3
SenecioSp	Senecio sp.	TallHerb	3
SenecioVernalis	Senecio vernalis	SmallHerb	2
SenecioVulgaris	Senecio vulgaris	SmallHerb	2
SetariaViridis	Setaria viridis	Grass	1
SilaumSilaus	Silaum silaus	TallHerb	3
SileneLatifolia	Silene latifolia	TallHerb	3
SileneNoctiflora	Silene noctiflora	TallHerb	3
SileneNutans	Silene nutans	TallHerb	3
SileneVulgaris	Silene vulgaris	SmallHerb	2
SinapisArvensis	Sinapis arvensis	SmallHerb	2
SolanumTuberosum	Solanum tuberosum	SmallHerb	2
SolidagoCanadensis	Solidago canadensis	TallHerb	3
SonchusArvensis	Sonchus arvensis	TallHerb	3
SonchusAsper	Sonchus asper	TallHerb	3
SonchusOleraceus	Sonchus oleraceus	TallHerb	3
StachysRecta	Stachys recta	SmallHerb	2
StellariaGraminea	Stellaria graminea	SmallHerb	2
StellariaMedia	Stellaria media	SmallHerb	2
TanacetumVulgare	Tanacetum vulgare	TallHerb	3
TaraxacumOfficinale	Taraxacum officinale	SmallHerb	2
ThlaspiArvense	Thlaspi arvense	SmallHerb	2
TragopogonDubius	Tragopogon dubius	SmallHerb	2
TragopogonOrientalis	Tragopogon orientalis	TallHerb	3
TragopogonPratensis	Tragopogon pratensis	TallHerb	3
TrifoliumArvense	Trifolium arvense	Legume	4
TrifoliumCampestre	Trifolium campestre	Legume	4
TrifoliumDubium	Trifolium dubium	Legume	4
TrifoliumHybridum	Trifolium hybridum	Legume	4
TrifoliumPratense	Trifolium pratense	Legume	4
TrifoliumRepens	Trifolium repens	Legume	4
TripleurospermumPerforatum	Tripleurospermum perforatum	TallHerb	3
TrisetumFlavescens	Trisetum flavescens	Grass	1
TriticumSp	Triticum sp.	Grass	1
TussilagoFarfara	Tussilago farfara	SmallHerb	2
UrticaUrens	Urtica urens	SmallHerb	2
VerbascumLychnitis	Verbascum lychnitis	TallHerb	3
VerbascumThapsus	Verbascum thapsus	TallHerb	3
VeronicaAgrestis	Veronica agrestis	SmallHerb	2
VeronicaArvensis	Veronica arvensis	SmallHerb	2
VeronicaChamaedrys	Veronica chamaedrys	SmallHerb	2
VeronicaHederifolia	Veronica hederifolia	SmallHerb	2
VeronicaPersica	Veronica persica	SmallHerb	2
VeronicaSeedlings		SmallHerb	2
VeronicaSerpyllifolia	Veronica serpyllifolia	SmallHerb	2
ViciaAngustifolia	Vicia angustifolia	Legume	4
ViciaCracca	Vicia cracca	Legume	4
ViciaHirsuta	Vicia hirsuta	Legume	4
ViciaSativa	Vicia sativa	Legume	4
ViciaSepium	Vicia sepium	Legume	4
ViciaTetrasperma	Vicia tetrasperma	Legume	4
ViciaVillosa	Vicia villosa	Legume	4
ViolaArvensis	Viola arvensis	SmallHerb	2
VulpiaMyuros	Vulpia myuros	Grass	1
